"Flask","Day","Time","Dilution","Aspirated.vol","Meso","Prey","Replicate","Medium","M.Red","M.Blue","M.Undefined","M.Nonfluorescent","M.TotRed","M.TotBlue","TotalMeso","M.Red.meanCh1peak","M.Blue.meanCh1peak","M.Undefined.meanCh1peak","M.Nonfluorescent.meanCh1peak","M.Red.sdCh1peak","M.Blue.sdCh1peak","M.Undefined.sdCh1peak","M.Nonfluorescent.sdCh1peak","M.Red.meanCh2peak","M.Blue.meanCh2peak","M.Undefined.meanCh2peak","M.Nonfluorescent.meanCh2peak","M.Red.sdCh2peak","M.Blue.sdCh2peak","M.Undefined.sdCh2peak","M.Nonfluorescent.sdCh2peak","C.Red","C.Blue","C.Undefined","C.Nonfluorescent","C.TotRed","C.TotBlue","TotalCrypto","C.Red.meanCh1peak","C.Blue.meanCh1peak","C.Undefined.meanCh1peak","C.Nonfluorescent.meanCh1peak","C.Red.sdCh1peak","C.Blue.sdCh1peak","C.Undefined.sdCh1peak","C.Nonfluorescent.sdCh1peak","C.Red.meanCh2peak","C.Blue.meanCh2peak","C.Undefined.meanCh2peak","C.Nonfluorescent.meanCh2peak","C.Red.sdCh2peak","C.Blue.sdCh2peak","C.Undefined.sdCh2peak","C.Nonfluorescent.sdCh2peak","M.Red.ESD","M.Blue.ESD","M.Undefined.ESD","M.Nonfluorescent.ESD","TotalMeso.ESD","C.Red.ESD","C.Blue.ESD","C.Undefined.ESD","C.Nonfluorescent.ESD","TotalCrypto.ESD"
"Flask1","D3",3.09,50,0.983,"0000","RS+HP","A","F2",NA,NA,NA,NA,NA,NA,NA,NA,NA,NA,NA,NA,NA,NA,NA,NA,NA,NA,NA,NA,NA,NA,NA,649,172,0,5,652.952496954933,173.047503045067,826,5.75500770416025,4.98232558139535,NA,4.42,0.100417530820619,0.254738367873612,NA,0.134536240470737,5.50024653312789,3.9356976744186,NA,0,0.137127500791423,0.251291590826854,NA,0,NA,NA,NA,NA,NA,1051.61628659476,529.184709302326,NA,717.648,940.807481840194
"Flask2","D3",3.09,50,0.984,"MRTA","RS+HP","A","F2",53,0,0,0,53,0,53,6.14905660377358,NA,NA,NA,0.177755927640461,NA,NA,NA,5.94264150943396,NA,NA,NA,0.212550002654545,NA,NA,NA,489,24,0,3,491.859649122807,24.140350877193,516,5.75523517382413,4.87583333333333,NA,4.34,0.102411476717922,0.312589697271967,NA,0.0300000000000002,5.51985685071575,3.91416666666667,NA,0,0.154319566635664,0.263074078948293,NA,0,11684.5971698113,NA,NA,NA,11684.5971698113,1036.62744376278,581.93625,NA,569.816666666667,1012.765
"Flask3","D3",3.09,50,0.983,"0000","RS+HP","B","F2",NA,NA,NA,NA,NA,NA,NA,NA,NA,NA,NA,NA,NA,NA,NA,NA,NA,NA,NA,NA,NA,NA,NA,578,151,0,6,582.75720164609,152.242798353909,735,5.74612456747405,5.02264900662252,NA,4.58166666666667,0.102156293000249,0.188611424138818,NA,0.427897962914836,5.44602076124567,3.90152317880795,NA,0,0.12890048121306,0.24678397663914,NA,0,NA,NA,NA,NA,NA,1091.77906574394,470.660397350993,NA,315.981666666667,957.842054421769
"Flask4","D3",3.09,50,0.988,"MRTA","RS+HP","B","F2",69,0,0,0,69,0,69,6.15898550724638,NA,NA,NA,0.168017374167571,NA,NA,NA,5.89188405797101,NA,NA,NA,0.178649141535933,NA,NA,NA,525,35,0,2,526.875,35.125,562,5.75038095238095,4.74971428571429,NA,4.435,0.109566493191983,0.272391216433122,NA,0.00707106781186595,5.44940952380952,4.002,NA,0,0.17163402476998,0.28919563905263,NA,0,11285.2971014493,NA,NA,NA,11285.2971014493,1046.7936,585.097428571429,NA,1208.705,1018.61647686833
"Flask5","D3",3.09,50,0.983,"0000","RS+HP","C","F2",NA,NA,NA,NA,NA,NA,NA,NA,NA,NA,NA,NA,NA,NA,NA,NA,NA,NA,NA,NA,NA,NA,NA,675,154,0,1,675.814234016888,154.185765983112,830,5.7628,4.94720779220779,NA,4.16,0.0990339689347416,0.224317401040296,NA,NA,5.45152592592593,3.88220779220779,NA,0,0.120699791253955,0.356347203004614,NA,NA,NA,NA,NA,NA,NA,1112.64847407407,558.348896103896,NA,2010.34,1010.88408433735
"Flask6","D3",3.09,50,0.982,"MRTA","RS+HP","C","F2",87,0,0,0,87,0,87,6.14896551724138,NA,NA,NA,0.160566109566431,NA,NA,NA,5.89183908045977,NA,NA,NA,0.212819001247933,NA,NA,NA,487,30,0,2,488.883945841393,30.1160541586074,519,5.74983572895277,4.72033333333333,NA,4.42,0.11281642157044,0.235818213641477,NA,0.0424264068711932,5.42441478439425,3.89533333333333,NA,0,0.156360406021139,0.309791179204063,NA,0,11087.3289655172,NA,NA,NA,11087.3289655172,1087.04704312115,751.779333333333,NA,1109.075,1067.75229287091
"Flask7","D3",3.8,5,0.959,"MRTA","00000","A","",609,0,10,1,620,0,620,6.16878489326765,NA,4.714,4.24,0.136482484061589,NA,0.314579083856508,NA,5.91735632183908,NA,4.226,0,0.158394720961761,NA,0.259923065540556,NA,NA,NA,NA,NA,NA,NA,NA,NA,NA,NA,NA,NA,NA,NA,NA,NA,NA,NA,NA,NA,NA,NA,NA,10340.9810344828,NA,7998.741,6998,10297.8110645161,NA,NA,NA,NA,NA
"Flask8","D3",3.8,5,0.984,"MRTA","00000","B","",567,0,7,1,575,0,575,6.1689594356261,NA,4.72857142857143,4.14,0.139567011318736,NA,0.349734593247917,NA,5.89980599647266,NA,4.36285714285714,0,0.156818403786351,NA,0.334550159951852,NA,NA,NA,NA,NA,NA,NA,NA,NA,NA,NA,NA,NA,NA,NA,NA,NA,NA,NA,NA,NA,NA,NA,NA,9842.04225749559,NA,9111.05857142857,9643.83,9832.79860869565,NA,NA,NA,NA,NA
